{
	"format_version": "1.8.0",
	"animations": {
		"animation.world_eater.blink": {
			"loop": true,
			"animation_length": 2,
			"bones": {
				"head": {
					"rotation": {
						"0.0": [
							0,
							0,
							0
						],
						"1.25": [
							0,
							0,
							0
						],
						"1.4167": [
							0,
							202.5,
							0
						],
						"1.5": [
							0,
							180,
							0
						],
						"1.75": [
							0,
							180,
							0
						],
						"1.9167": [
							0,
							382.5,
							0
						],
						"2.0": [
							0,
							360,
							0
						]
					}
				}
			}
		},
		"animation.world_eater.chomp": {
			"loop": true,
			"animation_length": 4.1667,
			"bones": {
				"teethbottom": {
					"position": {
						"2.4583": [
							0,
							0,
							0
						],
						"2.6667": [
							0,
							4,
							0
						],
						"2.75": [
							0,
							3,
							0
						],
						"2.8333": [
							0,
							4,
							0
						],
						"3.7083": [
							0,
							4,
							0
						],
						"3.8333": [
							0,
							0,
							0
						],
						"3.9167": [
							0,
							1,
							0
						],
						"4.0": [
							0,
							0,
							0
						]
					}
				},
				"teethtop": {
					"position": {
						"0.0": [
							0,
							0,
							0
						],
						"2.4583": [
							0,
							0,
							0
						],
						"2.6667": [
							0,
							-4,
							0
						],
						"2.75": [
							0,
							-3,
							0
						],
						"2.8333": [
							0,
							-4,
							0
						],
						"3.7083": [
							0,
							-4,
							0
						],
						"3.8333": [
							0,
							0,
							0
						],
						"3.9167": [
							0,
							-1,
							0
						],
						"4.0": [
							0,
							0,
							0
						]
					}
				},
				"leftforearm": {
					"rotation": {
						"0.0": [
							0,
							0,
							0
						],
						"1.5": [
							0,
							97.5,
							0
						],
						"3.75": [
							0,
							97.5,
							0
						],
						"4.1667": [
							0,
							0,
							0
						]
					}
				},
				"leftarm": {
					"rotation": {
						"0.0": [
							0,
							0,
							0
						],
						"1.5": [
							-61.86179,
							79.03485,
							-64.0335
						],
						"3.7083": [
							-61.86179,
							79.03485,
							-64.0335
						],
						"3.7917": [
							-36.8132,
							61.6011,
							-38.98815
						],
						"4.1667": [
							0,
							0,
							0
						]
					},
					"position": {
						"2.0": [
							0,
							0,
							0
						],
						"2.0833": {
							"pre": [
								0,
								0,
								0
							],
							"post": [
								0,
								-0.5,
								0
							]
						},
						"2.1667": {
							"pre": [
								0,
								-0.5,
								0
							],
							"post": [
								0,
								0,
								0
							]
						},
						"2.25": {
							"pre": [
								0,
								0,
								0
							],
							"post": [
								0,
								-0.5,
								0
							]
						},
						"2.3333": {
							"pre": [
								0,
								-0.5,
								0
							],
							"post": [
								0,
								0,
								0
							]
						},
						"2.4167": {
							"pre": [
								0,
								0,
								0
							],
							"post": [
								0,
								-0.5,
								0
							]
						},
						"2.5": {
							"pre": [
								0,
								-0.5,
								0
							],
							"post": [
								0,
								0,
								0
							]
						},
						"2.5833": {
							"pre": [
								0,
								0,
								0
							],
							"post": [
								0,
								-0.5,
								0
							]
						},
						"2.6667": {
							"pre": [
								0,
								-0.5,
								0
							],
							"post": [
								0,
								0,
								0
							]
						},
						"2.75": {
							"pre": [
								0,
								0,
								0
							],
							"post": [
								0,
								-0.5,
								0
							]
						},
						"2.8333": {
							"pre": [
								0,
								-0.5,
								0
							],
							"post": [
								0,
								0,
								0
							]
						},
						"2.9167": {
							"pre": [
								0,
								0,
								0
							],
							"post": [
								0,
								-0.5,
								0
							]
						},
						"3.0": {
							"pre": [
								0,
								-0.5,
								0
							],
							"post": [
								0,
								0,
								0
							]
						},
						"3.0833": {
							"pre": [
								0,
								0,
								0
							],
							"post": [
								0,
								-0.5,
								0
							]
						},
						"3.1667": {
							"pre": [
								0,
								-0.5,
								0
							],
							"post": [
								0,
								0,
								0
							]
						},
						"3.25": {
							"pre": [
								0,
								0,
								0
							],
							"post": [
								0,
								-0.5,
								0
							]
						},
						"3.3333": {
							"pre": [
								0,
								-0.5,
								0
							],
							"post": [
								0,
								0,
								0
							]
						},
						"3.4167": {
							"pre": [
								0,
								0,
								0
							],
							"post": [
								0,
								-0.5,
								0
							]
						},
						"3.5": {
							"pre": [
								0,
								-0.5,
								0
							],
							"post": [
								0,
								0,
								0
							]
						},
						"3.5833": {
							"pre": [
								0,
								0,
								0
							],
							"post": [
								0,
								-0.5,
								0
							]
						}
					}
				},
				"rightarm": {
					"rotation": {
						"0.0": [
							0,
							0,
							0
						],
						"1.5": [
							51.85587,
							-10.33196,
							-58.28714
						],
						"3.7083": [
							51.85587,
							-10.33196,
							-58.28714
						],
						"3.7917": [
							50.86591,
							-4.07791,
							-50.41783
						],
						"4.1667": [
							0,
							0,
							0
						]
					},
					"position": {
						"2.0": [
							0,
							0,
							0
						],
						"2.0833": {
							"pre": [
								0,
								0,
								0
							],
							"post": [
								0,
								-0.5,
								0
							]
						},
						"2.1667": {
							"pre": [
								0,
								-0.5,
								0
							],
							"post": [
								0,
								0,
								0
							]
						},
						"2.25": {
							"pre": [
								0,
								0,
								0
							],
							"post": [
								0,
								-0.5,
								0
							]
						},
						"2.3333": {
							"pre": [
								0,
								-0.5,
								0
							],
							"post": [
								0,
								0,
								0
							]
						},
						"2.4167": {
							"pre": [
								0,
								0,
								0
							],
							"post": [
								0,
								-0.5,
								0
							]
						},
						"2.5": {
							"pre": [
								0,
								-0.5,
								0
							],
							"post": [
								0,
								0,
								0
							]
						},
						"2.5833": {
							"pre": [
								0,
								0,
								0
							],
							"post": [
								0,
								-0.5,
								0
							]
						},
						"2.6667": {
							"pre": [
								0,
								-0.5,
								0
							],
							"post": [
								0,
								0,
								0
							]
						},
						"2.75": {
							"pre": [
								0,
								0,
								0
							],
							"post": [
								0,
								-0.5,
								0
							]
						},
						"2.8333": {
							"pre": [
								0,
								-0.5,
								0
							],
							"post": [
								0,
								0,
								0
							]
						},
						"2.9167": {
							"pre": [
								0,
								0,
								0
							],
							"post": [
								0,
								-0.5,
								0
							]
						},
						"3.0": {
							"pre": [
								0,
								-0.5,
								0
							],